SNP,Gene,Risk allele,Beta_HG,Std. Error_HG,p-value_HG,Beta_HR,Std. Error_HR,p-value_HR
rs10938397,GNPDA2,G,0.299,0.212,0.16,0.619,0.359,0.085
rs1121980,FTO,A,0.553,0.205,0.007,0.604,0.356,0.09
rs1137101,LEPR,G,0.099,0.212,0.639,-0.106,0.356,0.767
rs12970134,MC4R,A,0.368,0.24,0.126,0.066,0.421,0.875
rs1501299,ADIPOQ,T,0.049,0.231,0.832,0.354,0.387,0.36
rs1558902,FTO,A,0.482,0.205,0.019,0.628,0.36,0.081
rs16139,NPY,C,-0.602,0.517,0.244,-0.686,1.186,0.563
rs17782313,MC4R,C,0.32,0.247,0.194,0.179,0.422,0.672
rs1801282,PPAR?,C,-0.005,0.314,0.988,-1.188,0.807,0.141
rs2241766,ADIPOQ,G,-0.152,0.337,0.653,-0.473,0.553,0.392
rs2815752,NEGR1,C,0.289,0.222,0.193,-0.088,0.396,0.824
rs2867125,TMEM18,C,0.251,0.266,0.345,0.015,0.494,0.975
rs6265,BDNF,C,0.434,0.262,0.097,0.167,0.551,0.761
rs6499640,FTO,A,0.226,0.209,0.279,0.38,0.351,0.279
rs6548238,TMEM18,C,0.308,0.265,0.245,0.294,0.539,0.585
rs659366,UCP2,C,-0.049,0.219,0.821,0.402,0.369,0.277
rs660339,UCP2,G,-0.1,0.217,0.645,0.295,0.36,0.413
rs925946,BDNF,T,0.316,0.243,0.194,0.157,0.362,0.665
rs9939609,FTO,A,0.515,0.205,0.012,0.756,0.357,0.035
rs9941349,FTO,T,0.618,0.206,0.003,0.77,0.357,0.031
